{
	"pin": {
		"solar_vm": 36,
		"solar_sw": 17,
		"solar_vctr": 18,
		"wind_vm": 39,
		"wind_sw": 16,
		"wind_vctr": 19,
		"source": 26,
		"batt_vm": 34,
		"batt_sw": 5,
		"batt_amm": 25,
		"batt_temp1": 12,
		"batt_temp2": 14,
		"batt_temp3": 27,
		"load_sw": 32,
		"vca_sw": 33
	},
	"factor": {
		"solar": 0.04976599552859330735,
		"wind": 0.05160510370991424884,
		"source": 0.69324858182864253001,
		"batt_vm": 0.05084144751815627518,
		"batt_amm": 0.71288952204869904293,
		"batt_temp1": 0.1,
		"batt_temp2": 0.1,
		"batt_temp3": 0.1
	},
	"core": {
		"read_period": 0.1,
		"samples_per_read": 32,
		"battery_wd_period": 1,
		"temp_threshold": 40
	}
}
